DIABETES_AND_HYPERTEN,0,1,All
0,0.4155388471177945,0.45363408521303256,0.869172932330827
1,0.06349206349206349,0.06733500417710944,0.13082706766917293
All,0.479030910609858,0.520969089390142,1.0
